t(s),R1(um),R2(um)
0,16.34738325,9.862432874
0.294117647,16.35254649,9.861772803
0.588235294,16.34469186,9.867865682
0.882352941,16.2909523,9.851922646
1.176470588,16.28586337,9.851775276
1.470588235,16.30000516,9.874145522
1.764705882,16.28147575,9.855268014
2.058823529,16.34299496,9.857517259
2.352941176,16.34753786,9.863316531
2.647058824,16.35413069,9.864152737
2.941176471,16.31624067,9.873462025
3.235294118,16.29012824,9.872483434
3.529411765,16.30274251,9.862747645
3.823529412,16.35877854,9.873029874
4.117647059,16.35279902,9.860157495
4.411764706,16.33166905,9.868909761
4.705882353,16.35654715,9.865672814
5,16.30340209,9.868075931
5.294117647,16.30493267,9.858722954
5.588235294,16.27960273,9.865222405
5.882352941,16.34529557,9.86367113
6.176470588,16.30725173,9.874109419
6.470588235,16.32106158,9.872772773
6.764705882,16.27722297,9.863576678
7.058823529,16.29092757,9.859300022
7.352941176,16.2764464,9.876714879
7.647058824,16.27172041,9.873957536
7.941176471,16.2754852,9.863938638
8.235294118,16.30599571,9.864204936
8.529411765,16.28717224,9.885551446
8.823529412,16.30362195,9.861469039
9.117647059,16.30567566,9.871447839
9.411764706,16.2947595,9.872207995
9.705882353,16.33994397,9.86295461
10,16.31549078,9.853133076
10.29411765,16.27366934,9.870346263
10.58823529,16.31114956,9.873800445
10.88235294,16.30313396,9.871713307
11.17647059,16.27306777,9.883217217
11.47058824,16.27965672,9.865588829
11.76470588,16.27953879,9.865370582
12.05882353,16.28513455,9.874659255
12.35294118,16.28123771,9.860444733
12.64705882,16.28215214,9.874269275
12.94117647,16.29623678,9.880356
13.23529412,16.35017452,9.881060915
13.52941176,16.29925676,9.872834215
13.82352941,16.34386708,9.871513553
14.11764706,16.3538412,9.882381631
14.41176471,16.34799935,9.870784826
14.70588235,16.3088914,9.871391817
15,16.30314956,9.867513244
15.29411765,16.35979091,9.869793359
15.58823529,16.31615682,9.876350308
15.88235294,16.2913459,9.863849425
16.17647059,16.29200171,9.874774654
16.47058824,16.28425977,9.86466325
16.76470588,16.28717414,9.871420027
17.05882353,16.30870018,9.859149028
17.35294118,16.29570296,9.861762813
17.64705882,16.34877795,9.87186892
17.94117647,16.35986698,9.87287972
18.23529412,16.28686275,9.869674269
18.52941176,16.28969675,9.879935122
18.82352941,16.3095107,9.873711859
19.11764706,16.36208803,9.89163714
19.41176471,16.36526805,9.881929324
19.70588235,16.36412531,9.880782311
20,16.34745165,9.868591103
20.29411765,16.37826556,9.870862954
20.58823529,16.34804274,9.869743169
20.88235294,16.31859685,9.869433305
21.17647059,16.31220684,9.86389161
21.47058824,16.29829243,9.877938685
21.76470588,16.32857016,9.879787941
22.05882353,16.33112318,9.890916808
22.35294118,16.3268047,9.87691063
22.64705882,16.33581419,9.883521848
22.94117647,16.37915582,9.877704496
23.23529412,16.3752608,9.875871426
23.52941176,16.34989613,9.872712987
23.82352941,16.3665521,9.865690104
24.11764706,16.29737907,9.876245711
24.41176471,16.3657354,9.872648671
24.70588235,16.36847324,9.88477062
25,16.35056156,9.879020179
25.29411765,16.37854149,9.871681558
25.58823529,16.38086172,9.873974279
25.88235294,16.38064837,9.892791611
26.17647059,16.367607,9.867765741
26.47058824,16.37431972,9.889244463
26.76470588,16.38694791,9.873552992
27.05882353,16.39079375,9.881756559
27.35294118,16.38458729,9.881156544
27.64705882,16.37858496,9.876101018
27.94117647,16.38062987,9.874240235
28.23529412,16.36826874,9.866937322
28.52941176,16.36881546,9.8766204
28.82352941,16.37950612,9.883451179
29.11764706,16.33517274,9.876716922
29.41176471,16.2868251,9.86385589
29.70588235,16.32487886,9.882438307
30,16.31606684,9.872293051
30.29411765,16.36947105,9.877461901
30.58823529,16.32737271,9.879888463
30.88235294,16.29345727,9.881431312
31.17647059,16.2863641,9.889546363
31.47058824,16.2889804,9.889730764
31.76470588,16.37307118,9.897810352
32.05882353,16.3851461,9.893378741
32.35294118,16.37299404,9.890445519
32.64705882,16.36730352,9.881775454
32.94117647,16.39201732,9.883681626
33.23529412,16.39210584,9.880978582
33.52941176,16.39396956,9.868369329
33.82352941,16.37284526,9.875445791
34.11764706,16.36267507,9.884582949
34.41176471,16.39312951,9.897208124
34.70588235,16.36500656,9.871620508
35,16.38420386,9.883859576
35.29411765,16.36967245,9.884017299
35.58823529,16.28230048,9.885708158
35.88235294,16.29628681,9.895471814
36.17647059,16.30920172,9.899342767
36.47058824,16.33379827,9.887106386
36.76470588,16.33474359,9.881649235
37.05882353,16.2923912,9.878619168
37.35294118,16.29320482,9.898114517
37.64705882,16.35881062,9.889816566
37.94117647,16.3009551,9.88519125
38.23529412,16.30086588,9.886059877
38.52941176,16.37170824,9.892980869
38.82352941,16.2998068,9.888953993
39.11764706,16.29554175,9.881838825
39.41176471,16.31966349,9.897344617
39.70588235,16.35865043,9.879583161
40,16.39877396,9.880156821
40.29411765,16.39405647,9.885568711
40.58823529,16.389455,9.870666416
40.88235294,16.35620847,9.884953555
41.17647059,16.36096208,9.883650286
41.47058824,16.38045842,9.882445147
41.76470588,16.39905721,9.889789869
42.05882353,16.35459177,9.882000822
42.35294118,16.36839453,9.892499371
42.64705882,16.40650718,9.893720739
42.94117647,16.40474604,9.894327799
43.23529412,16.38609854,9.909145232
43.52941176,16.32580716,9.898346968
43.82352941,16.35009789,9.900531509
44.11764706,16.39451094,9.885636146
44.41176471,16.39010176,9.892684915
44.70588235,16.3917455,9.904633643
45,16.37963871,9.893768375
45.29411765,16.37646644,9.889703657
45.58823529,16.38910265,9.889538422
45.88235294,16.3887523,9.890526288
46.17647059,16.38562093,9.88498815
46.47058824,16.28065274,9.881390922
46.76470588,16.28434263,9.899494927
47.05882353,16.28727329,9.903847337
47.35294118,16.28664292,9.883512973
47.64705882,16.29058374,9.898972715
47.94117647,16.29206466,9.88406551
48.23529412,16.29181655,9.89834859
48.52941176,16.31212148,9.904112442
48.82352941,16.29376126,9.883595789
49.11764706,16.28274307,9.886355317
49.41176471,16.29709527,9.885809631
49.70588235,16.30344329,9.900134831
50,16.29693012,9.895873619
50.29411765,16.2855311,9.890940133
50.58823529,16.32569132,9.893417944
50.88235294,16.33067353,9.894169687
51.17647059,16.31553432,9.908358978
51.47058824,16.29327228,9.891585237
51.76470588,16.29504845,9.888785198
52.05882353,16.28795386,9.885249923
52.35294118,16.29154434,9.879402401
52.64705882,16.33272415,9.889567226
52.94117647,16.29345398,9.892587432
53.23529412,16.31079099,9.898704724
53.52941176,16.31036175,9.88855767
53.82352941,16.30917468,9.898817273
54.11764706,16.30156482,9.876942952
54.41176471,16.40028554,9.912097246
54.70588235,16.40037352,9.897568039
55,16.39464005,9.896019114
55.29411765,16.38167137,9.90772261
55.58823529,16.40945192,9.905036706
55.88235294,16.41145193,9.888395049
56.17647059,16.37727943,9.883345061
56.47058824,16.38929837,9.893735729
56.76470588,16.36850371,9.897352731
57.05882353,16.37331213,9.89632499
57.35294118,16.38046718,9.895782486
57.64705882,16.38272662,9.896111601
57.94117647,16.36319846,9.894965784
58.23529412,16.36454344,9.907368871
58.52941176,16.4024327,9.900188951
58.82352941,16.38652837,9.891585688
59.11764706,16.4100252,9.889658771
59.41176471,16.39735345,9.910997028
59.70588235,16.38814709,9.89096596
60,16.35043218,9.898810115
60.29411765,16.37108448,9.903619137
60.58823529,16.40807159,9.885499164
60.88235294,16.41079757,9.895044557
61.17647059,16.41048304,9.895136547
61.47058824,16.3433318,9.89943177
61.76470588,16.35048007,9.891778079
62.05882353,16.32206304,9.896174773
62.35294118,16.31826107,9.90492459
62.64705882,16.31556911,9.897613998
62.94117647,16.30795304,9.898854497
63.23529412,16.31118186,9.895200626
63.52941176,16.36009235,9.880790339
63.82352941,16.41061109,9.897564476
64.11764706,16.42353416,9.907477799
64.41176471,16.42744031,9.895278686
64.70588235,16.42271562,9.895863803
65,16.43014954,9.905602244
65.29411765,16.3871178,9.898095003
65.58823529,16.32520659,9.908368531
65.88235294,16.32439985,9.905162409
66.17647059,16.37233229,9.898481041
66.47058824,16.34742135,9.902910215
66.76470588,16.41436833,9.904357282
67.05882353,16.39348214,9.89469723
67.35294118,16.42597927,9.906588451
67.64705882,16.38306971,9.909022036
67.94117647,16.37004766,9.899489636
68.23529412,16.38662395,9.889525369
68.52941176,16.39792038,9.896413075
68.82352941,16.383102,9.906411065
69.11764706,16.38580832,9.907830084
69.41176471,16.40046281,9.904180014
69.70588235,16.42448338,9.904558882
70,16.41334969,9.912729957
70.29411765,16.44377826,9.906147085
70.58823529,16.45998632,9.907746078
70.88235294,16.45914132,9.903279304
71.17647059,16.47159835,9.912792671
71.47058824,16.38714264,9.932080283
71.76470588,16.37381536,9.928431496
72.05882353,16.40712083,9.919094004
72.35294118,16.38718323,9.92032219
72.64705882,16.44469456,9.900051957
72.94117647,16.40926986,9.95585321
73.23529412,16.4798939,9.924407158
73.52941176,16.48908729,9.920518832
73.82352941,16.48531977,9.921283022
74.11764706,16.43282089,9.926277805
74.41176471,16.49667483,9.928805674
74.70588235,16.48706572,9.94051206
75,16.47124801,9.932366641
75.29411765,16.49296918,9.943437825
75.58823529,16.48813568,9.94055769
75.88235294,16.50448428,9.951433322
76.17647059,16.52208226,9.949109054
76.47058824,16.50878914,9.944163906
76.76470588,16.50841755,9.954757653
77.05882353,16.51523259,9.950959787
77.35294118,16.46563578,9.968206512
77.64705882,16.43773347,9.951309999
77.94117647,16.48620505,9.951473878
78.23529412,16.52089236,9.948925243
78.52941176,16.54387144,9.973210674
78.82352941,16.52317761,9.973509396
79.11764706,16.52741734,9.979083689
79.41176471,16.52746062,9.962686877
79.70588235,16.53365569,9.978471685
80,16.48307188,9.97088555
80.29411765,16.49794089,9.973379711
80.58823529,16.50602157,9.960802546
80.88235294,16.5357599,9.982941628
81.17647059,16.56994774,9.981721157
81.47058824,16.53621985,10.00216583
81.76470588,16.52116417,10.00081045
82.05882353,16.5319709,10.01688495
82.35294118,16.52546634,9.993833364
82.64705882,16.55585481,9.996513668
82.94117647,16.57771779,10.00527981
83.23529412,16.59957173,9.991325731
83.52941176,16.56287253,9.981344541
83.82352941,16.57636291,10.00374212
84.11764706,16.61554867,10.0207718
84.41176471,16.62094209,10.02915992
84.70588235,16.62566702,9.998618227
85,16.63033635,10.00055631
85.29411765,16.6340189,10.01336826
85.58823529,16.62179528,10.00079462
85.88235294,16.6289725,10.0140762
86.17647059,16.61142769,10.01489259
86.47058824,16.63754214,10.01954102
86.76470588,16.64757377,10.02350515
87.05882353,16.66379838,10.03526907
87.35294118,16.64821243,10.02132401
87.64705882,16.65134721,10.01230112
87.94117647,16.65206778,10.03222318
88.23529412,16.64703486,10.04526265
88.52941176,16.65787194,10.02405963
88.82352941,16.67910635,10.04193512
89.11764706,16.67886817,10.03155613
89.41176471,16.66845057,10.04307428
89.70588235,16.6939558,10.03334465
90,16.69436183,10.03545618
90.29411765,16.6818721,10.07090881
90.58823529,16.66797525,10.04422815
90.88235294,16.6363978,10.06557863
91.17647059,16.63995181,10.05160995
91.47058824,16.6678752,10.05762439
91.76470588,16.63527096,10.07252932
92.05882353,16.65210256,10.08708385
92.35294118,16.64429266,10.04382611
92.64705882,16.66050163,10.07128808
92.94117647,16.66083828,10.06621899
93.23529412,16.70106141,10.09280334
93.52941176,16.66784842,10.06712981
93.82352941,16.69368988,10.0783834
94.11764706,16.69502843,10.08589852
94.41176471,16.74574188,10.06719435
94.70588235,16.75664252,10.08428644
95,16.69564863,10.06864304
95.29411765,16.69420342,10.07669715
95.58823529,16.69251424,10.09847183
95.88235294,16.71552832,10.08156647
96.17647059,16.74184866,10.10612422
96.47058824,16.77340144,10.11089166
96.76470588,16.77365852,10.0984376
97.05882353,16.75240844,10.08863201
97.35294118,16.71781799,10.11705137
97.64705882,16.72923607,10.09528391
97.94117647,16.77031713,10.09900688
98.23529412,16.74188102,10.1017716
98.52941176,16.74414058,10.11788204
98.82352941,16.74834186,10.11988693
99.11764706,16.73926675,10.12195531
99.41176471,16.75472657,10.09264175
99.70588235,16.74793528,10.11004387
100,16.74692283,10.12694951
100.2941176,16.76498278,10.13525192
100.5882353,16.75344841,10.10955406
100.8823529,16.75290536,10.1162194
101.1764706,16.75577986,10.14802088
101.4705882,16.76098799,10.14105383
101.7647059,16.75660322,10.10704448
102.0588235,16.76730855,10.1334874
102.3529412,16.76935126,10.14392383
102.6470588,16.77701939,10.15146017
102.9411765,16.77760931,10.14567081
103.2352941,16.77512284,10.14250167
103.5294118,16.77232523,10.13088259
103.8235294,16.78310942,10.15882731
104.1176471,16.78772065,10.16745047
104.4117647,16.7897136,10.16885754
104.7058824,16.78437864,10.1742423
105,16.78905437,10.15527633
105.2941176,16.80223881,10.16421916
105.5882353,16.81271503,10.16559762
105.8823529,16.81662496,10.16391588
106.1764706,16.81646406,10.17011593
106.4705882,16.83293053,10.17437067
106.7647059,16.81622045,10.16994918
107.0588235,16.82345654,10.18137462
107.3529412,16.82931059,10.1721702
107.6470588,16.83293066,10.18341626
107.9411765,16.83048574,10.15827073
108.2352941,16.83224226,10.16864178
108.5294118,16.84922984,10.17913118
108.8235294,16.84722456,10.15705688
109.1176471,16.8670289,10.1824658
109.4117647,16.86296702,10.20198786
109.7058824,16.85448797,10.18009008
110,16.85515892,10.20460309
110.2941176,16.88053126,10.19011282
110.5882353,16.86537201,10.18952384
110.8823529,16.87844075,10.21162041
111.1764706,16.86626156,10.16933271
111.4705882,16.86805247,10.18080027
111.7647059,16.86693425,10.17997212
112.0588235,16.8786567,10.19354119
112.3529412,16.88256854,10.19598412
112.6470588,16.88507954,10.19078865
112.9411765,16.88880187,10.20969497
113.2352941,16.88695246,10.22099211
113.5294118,16.90200057,10.22185204
113.8235294,16.90902927,10.21710907
114.1176471,16.92968619,10.23161903
114.4117647,16.90357931,10.17536329
114.7058824,16.90075985,10.21595482
115,16.92735065,10.19647798
115.2941176,16.9085759,10.26566679
115.5882353,16.91981668,10.20001139
115.8823529,16.94937602,10.22947035
116.1764706,16.97393676,10.20093852
116.4705882,16.99141752,10.21904668
116.7647059,16.98718351,10.25245288
117.0588235,16.98480005,10.21705651
117.3529412,16.96595631,10.2112842
117.6470588,16.98302988,10.21645631
117.9411765,16.94504187,10.23556283
118.2352941,16.96573592,10.20440276
118.5294118,16.93565836,10.24076368
118.8235294,16.93046364,10.22144835
119.1176471,16.93139598,10.2278643
119.4117647,16.93989661,10.23732728
119.7058824,16.9478771,10.239603
120,16.9495311,10.23591148
120.2941176,16.98285064,10.23245659
120.5882353,16.98377829,10.24749652
120.8823529,17.00983345,10.21965439
121.1764706,17.01685753,10.23442289
121.4705882,16.99395847,10.24234206
121.7647059,16.97607588,10.24031593
122.0588235,17.00901839,10.25486107
122.3529412,17.01208358,10.24733731
122.6470588,17.00209259,10.25575152
122.9411765,17.00994579,10.25059004
123.2352941,17.01230788,10.25056986
123.5294118,16.98795667,10.24924435
123.8235294,16.98354339,10.23335253
124.1176471,16.99152228,10.23297315
124.4117647,16.99553467,10.26797553
124.7058824,17.01009283,10.25979478
125,17.01062915,10.23569212
125.2941176,17.01472766,10.25252088
125.5882353,17.03979317,10.28835621
125.8823529,17.0318758,10.26103848
126.1764706,17.03230305,10.27660517
126.4705882,17.03645047,10.29498994
126.7647059,17.02698362,10.29152182
127.0588235,16.99907052,10.26651143
127.3529412,16.99260741,10.29414235
127.6470588,17.01457145,10.2791173
127.9411765,17.00448321,10.27596809
128.2352941,17.00268622,10.27719298
128.5294118,17.00640512,10.30124713
128.8235294,16.99871981,10.2715698
129.1176471,17.00614813,10.30233149
129.4117647,16.9985528,10.276535
129.7058824,17.00041955,10.30374283
130,16.99503436,10.27155706
130.2941176,16.99260402,10.27420025
130.5882353,17.0134354,10.2903611
130.8823529,17.00971324,10.27688824
131.1764706,17.00863396,10.28155196
131.4705882,17.00498748,10.32111885
131.7647059,17.01905305,10.29503498
132.0588235,17.01996089,10.30213786
132.3529412,17.00523509,10.30219968
132.6470588,17.00968081,10.30121661
132.9411765,17.01156703,10.28790998
133.2352941,17.01736679,10.30746938
133.5294118,17.00385436,10.27680302
133.8235294,17.01000628,10.28891886
134.1176471,17.01997972,10.29329542
134.4117647,17.0385678,10.31531887
134.7058824,17.04631575,10.31595661
135,17.05645189,10.31987876
135.2941176,17.03828215,10.31544201
135.5882353,17.04748855,10.32311312
135.8823529,17.04508499,10.32321646
136.1764706,17.0462508,10.30591586
136.4705882,17.03509188,10.32270349
136.7647059,17.03856303,10.30484813
137.0588235,17.03461892,10.32653785
137.3529412,17.03922976,10.31240596
137.6470588,17.03100779,10.33156528
137.9411765,17.03150657,10.32123275
138.2352941,17.04535159,10.32441321
138.5294118,17.05536298,10.31617018
138.8235294,17.04624053,10.30304898
139.1176471,17.05179394,10.32549788
139.4117647,17.05544055,10.31585518
139.7058824,17.0456944,10.29807496
140,17.05938854,10.34247931
140.2941176,17.05961525,10.32031688
140.5882353,17.0687524,10.34348241
140.8823529,17.05875586,10.3391714
141.1764706,17.05908024,10.34406511
141.4705882,17.06112139,10.3357552
141.7647059,17.07375418,10.34575501
142.0588235,17.06045469,10.33092945
142.3529412,17.06484254,10.31737609
142.6470588,17.06963369,10.31639157
142.9411765,17.04855509,10.36952307
143.2352941,17.07542614,10.34010037
143.5294118,17.07149471,10.34293663
143.8235294,17.07153087,10.32031625
144.1176471,17.08231182,10.31216052
144.4117647,17.07200627,10.33426243
144.7058824,17.08701006,10.32103873
145,17.09471889,10.34276324
145.2941176,17.08389322,10.32315336
145.5882353,17.07476002,10.34441985
145.8823529,17.09060261,10.34154681
146.1764706,17.08778238,10.32488581
146.4705882,17.09954125,10.31087716
146.7647059,17.08953211,10.37809482
147.0588235,17.05896793,10.38546292
147.3529412,17.07079542,10.3923389
147.6470588,17.05342434,10.39152645
147.9411765,17.09863571,10.32632953
148.2352941,17.0908035,10.34551035
148.5294118,17.0970771,10.34694351
148.8235294,17.09273671,10.32952539
149.1176471,17.1053742,10.32927063
149.4117647,17.10715423,10.3167406
149.7058824,17.10564677,10.36193909
150,17.10748443,10.34875562
150.2941176,17.0988741,10.3404287
150.5882353,17.11446597,10.34792889
150.8823529,17.11388484,10.33684823
151.1764706,17.12842344,10.342203
151.4705882,17.15394003,10.35954702
151.7647059,17.14973492,10.35019648
152.0588235,17.13512916,10.32984263
152.3529412,17.14851814,10.35507495
152.6470588,17.13972685,10.34536336
152.9411765,17.14432952,10.33923112
153.2352941,17.14455047,10.35441972
153.5294118,17.14309525,10.3321373
153.8235294,17.14451374,10.38179529
154.1176471,17.16569188,10.33614153
154.4117647,17.15989382,10.34549423
154.7058824,17.14602276,10.35673922
155,17.15014054,10.38513413
155.2941176,17.14571761,10.35376053
155.5882353,17.14133872,10.36058853
155.8823529,17.14792766,10.3520894
156.1764706,17.14838705,10.33555473
156.4705882,17.14172519,10.33511613
156.7647059,17.17945327,10.3466804
157.0588235,17.18383628,10.35800604
157.3529412,17.16638649,10.35074846
157.6470588,17.15702153,10.34907383
157.9411765,17.17394585,10.34524434
158.2352941,17.16953005,10.38221741
158.5294118,17.14642173,10.3482162
158.8235294,17.18138519,10.36975263
159.1176471,17.18783459,10.36515568
159.4117647,17.16340424,10.34367902
159.7058824,17.15680043,10.3632146
160,17.16997864,10.37225471
160.2941176,17.15990878,10.35053971
160.5882353,17.17020789,10.37460961
160.8823529,17.17275042,10.36090989
161.1764706,17.17002873,10.36070751
161.4705882,17.17246271,10.37891605
161.7647059,17.17870837,10.39289029
162.0588235,17.18005022,10.35081937
162.3529412,17.17812839,10.3464367
162.6470588,17.17090662,10.36911059
162.9411765,17.17892427,10.37075523
163.2352941,17.1782068,10.35690229
163.5294118,17.17699696,10.33886088
163.8235294,17.17564932,10.36475782
164.1176471,17.17706139,10.37617979
164.4117647,17.18029301,10.37571587
164.7058824,17.18477614,10.33958009
165,17.19209475,10.37076376
165.2941176,17.18299726,10.37493821
165.5882353,17.18425119,10.35441583
165.8823529,17.18727879,10.35126566
166.1764706,17.19059892,10.39144474
166.4705882,17.19149153,10.3705779
166.7647059,17.18920512,10.36969999
167.0588235,17.19294481,10.37177674
167.3529412,17.18058243,10.35346598
167.6470588,17.19715094,10.36124812
167.9411765,17.19226576,10.38255933
168.2352941,17.2007291,10.39622265
168.5294118,17.18118421,10.39515834
168.8235294,17.19080651,10.38104154
169.1176471,17.1919887,10.36658161
169.4117647,17.19109071,10.36063563
169.7058824,17.20170656,10.3730413
170,17.20315701,10.36618358
170.2941176,17.20962502,10.3593694
170.5882353,17.19993482,10.39399921
170.8823529,17.20056464,10.38372708
171.1764706,17.20154524,10.36953871
171.4705882,17.20421417,10.39106663
171.7647059,17.18210075,10.38494516
172.0588235,17.19828605,10.38979339
172.3529412,17.1948814,10.3934937
172.6470588,17.21399373,10.38222805
172.9411765,17.21136843,10.41236258
173.2352941,17.20450234,10.42540172
173.5294118,17.21539291,10.40273015
173.8235294,17.19181981,10.39233962
174.1176471,17.21221101,10.37665362
174.4117647,17.20623658,10.39445163
174.7058824,17.20842857,10.40036172
175,17.20001918,10.40327176
175.2941176,17.20660936,10.40002431
175.5882353,17.22049161,10.38110209
175.8823529,17.21967522,10.3771785
176.1764706,17.21534646,10.38277543
176.4705882,17.21792735,10.38829872
176.7647059,17.20736737,10.42198792
177.0588235,17.22237838,10.40239123
177.3529412,17.20390746,10.43312285
177.6470588,17.2208327,10.40085632
177.9411765,17.21744618,10.38100544
178.2352941,17.23925128,10.42703212
178.5294118,17.21945012,10.39004389
178.8235294,17.22871131,10.42917859
179.1176471,17.21498095,10.40433055
179.4117647,17.23923459,10.41539182
179.7058824,17.22958953,10.39776613